[
 {
  "NAME_1": "Maharashtra",
  "lat": "19.22",
  "long": "75.3",
  "scale": "4000",
  "center": "[75.3,19.2]"
 },
 {
  "NAME_1": "Delhi",
  "lat": "28.7041",
  "long": "77.1025",
  "scale": "20000",
  "center": "[77.1025, 28.7041]"
 },
 {
  "NAME_1": "Assam",
  "lat": "26.2006",
  "long": "92.9376",
  "scale": "8000",
  "center": "[92.9376, 26.2006]"
 },
 {
  "NAME_1": "Puducherry",
  "lat": "11.9416",
  "long": "79.8083",
  "scale": "70000",
  "center": "[79.8083, 11.9416]"
 },
 {
    "NAME_1": "Bihar",
    "lat": "25.0961",
    "long": "85.3131",
    "scale": "7000",
    "center": "[79.8083, 11.9416]"
   }
]