[
    {
        "fips": "Andaman and Nicobar",
        "year": 2010,
        "LS": 30.4,
        "EQ": 40.28,
        "CYC": 33.87,
        "FL": 79.18,
        "UFL": 57.49,
        "HWV": 26.23,
        "TSU": 76.73,
        "CHEM": 29.71,
        "NUC": 19.61,
        "BIO": 50.65
    },
    {
        "fips": "Andaman and Nicobar",
        "year": 2011,
        "LS": 30.4,
        "EQ": 88.4,
        "CYC": 62.85,
        "FL": 17.92,
        "UFL": 52.73,
        "HWV": 48.02,
        "TSU": 33.77,
        "CHEM": 57.71,
        "NUC": 82.86,
        "BIO": 82.72
    },
    {
        "fips": "Andaman and Nicobar",
        "year": 2012,
        "LS": 30.4,
        "EQ": 63.7,
        "CYC": 81.39,
        "FL": 80.5,
        "UFL": 69.79,
        "HWV": 20.03,
        "TSU": 53.05,
        "CHEM": 71.89,
        "NUC": 3.11,
        "BIO": 77.23
    },
    {
        "fips": "Andhra Pradesh",
        "year": 2010,
        "LS": 4720.6,
        "EQ": 4604.37,
        "CYC": 5309.18,
        "FL": 5243.56,
        "UFL": 5237.6,
        "HWV": 5406.47,
        "TSU": 5435.17000000001,
        "CHEM": 5098.45,
        "NUC": 5240.23,
        "BIO": 5268.81
    },
    {
        "fips": "Andhra Pradesh",
        "year": 2011,
        "LS": 4720.6,
        "EQ": 5233.87,
        "CYC": 5091.17,
        "FL": 5478.85,
        "UFL": 5391.72,
        "HWV": 5306.87,
        "TSU": 5464.11,
        "CHEM": 5283.29,
        "NUC": 5273.83,
        "BIO": 5356.92
    },
    {
        "fips": "Andhra Pradesh",
        "year": 2012,
        "LS": 4720.6,
        "EQ": 5083.35,
        "CYC": 5364.18000000001,
        "FL": 5069.16,
        "UFL": 5253.82,
        "HWV": 5007.7,
        "TSU": 5272.52,
        "CHEM": 5486.26,
        "NUC": 5098.59,
        "BIO": 5283.91999999999
    },
    {
        "fips": "Andhra Pradesh",
        "year": 2010,
        "LS": 496.8,
        "EQ": 331.37,
        "CYC": 426.16,
        "FL": 423.11,
        "UFL": 388.47,
        "HWV": 398.49,
        "TSU": 365.41,
        "CHEM": 319.09,
        "NUC": 389.74,
        "BIO": 349.23
    },
    {
        "fips": "Andhra Pradesh",
        "year": 2011,
        "LS": 496.8,
        "EQ": 445,
        "CYC": 352.08,
        "FL": 364.17,
        "UFL": 435.65,
        "HWV": 400.67,
        "TSU": 369.75,
        "CHEM": 419.47,
        "NUC": 434.17,
        "BIO": 354.95
    },
    {
        "fips": "Andhra Pradesh",
        "year": 2012,
        "LS": 496.8,
        "EQ": 388.16,
        "CYC": 327.5,
        "FL": 380.58,
        "UFL": 371.11,
        "HWV": 452.92,
        "TSU": 429.16,
        "CHEM": 337.57,
        "NUC": 333.88,
        "BIO": 402.97
    },
    {
        "fips": "Assam",
        "year": 2010,
        "LS": 423.3,
        "EQ": 817.39,
        "CYC": 676.55,
        "FL": 634.64,
        "UFL": 778.36,
        "HWV": 635.97,
        "TSU": 631,
        "CHEM": 636.91,
        "NUC": 775.81,
        "BIO": 596.55
    },
    {
        "fips": "Assam",
        "year": 2011,
        "LS": 423.3,
        "EQ": 624.45,
        "CYC": 589.22,
        "FL": 623.2,
        "UFL": 562.91,
        "HWV": 647.68,
        "TSU": 659.15,
        "CHEM": 636.62,
        "NUC": 590.73,
        "BIO": 657.46
    },
    {
        "fips": "Assam",
        "year": 2012,
        "LS": 423.3,
        "EQ": 664.95,
        "CYC": 568.6,
        "FL": 611.65,
        "UFL": 550.41,
        "HWV": 686,
        "TSU": 549.25,
        "CHEM": 635.9,
        "NUC": 597.41,
        "BIO": 521.02
    },
    {
        "fips": "Bihar",
        "year": 2010,
        "LS": 1045.9,
        "EQ": 1284.77,
        "CYC": 1375.16,
        "FL": 1320.92,
        "UFL": 1168.49,
        "HWV": 1518.78,
        "TSU": 1224.83,
        "CHEM": 1285.73,
        "NUC": 1204.18,
        "BIO": 1209.01
    },
    {
        "fips": "Bihar",
        "year": 2011,
        "LS": 1045.9,
        "EQ": 1403.17,
        "CYC": 1197.46,
        "FL": 1249.95,
        "UFL": 1191.31,
        "HWV": 1115.07,
        "TSU": 1225.82,
        "CHEM": 1159.25,
        "NUC": 1225.22,
        "BIO": 1217.52
    },
    {
        "fips": "Bihar",
        "year": 2012,
        "LS": 1045.9,
        "EQ": 1080.48,
        "CYC": 1311.09,
        "FL": 1445.52,
        "UFL": 1374.05,
        "HWV": 1249.01,
        "TSU": 1170.91,
        "CHEM": 1199.43,
        "NUC": 1184.77,
        "BIO": 1260.16
    },
    {
        "fips": "Chandigarh",
        "year": 2010,
        "LS": 15.2,
        "EQ": 12.37,
        "CYC": 42.25,
        "FL": 0.14,
        "UFL": 33.28,
        "HWV": 27.79,
        "TSU": 19.61,
        "CHEM": 26.95,
        "NUC": 46.97,
        "BIO": 27.95
    },
    {
        "fips": "Chandigarh",
        "year": 2011,
        "LS": 15.2,
        "EQ": 2.3,
        "CYC": 34.41,
        "FL": 12.96,
        "UFL": 39.65,
        "HWV": 21.52,
        "TSU": 12.1,
        "CHEM": 27.1,
        "NUC": 22.89,
        "BIO": 30.27
    },
    {
        "fips": "Chandigarh",
        "year": 2012,
        "LS": 15.2,
        "EQ": 14.16,
        "CYC": 29,
        "FL": 31.92,
        "UFL": 31.22,
        "HWV": 48.65,
        "TSU": 21.98,
        "CHEM": 26.41,
        "NUC": 24.84,
        "BIO": 3.17
    },
    {
        "fips": "Chhattisgarh",
        "year": 2010,
        "LS": 1064.4,
        "EQ": 1409.73,
        "CYC": 1520.28,
        "FL": 1505.55,
        "UFL": 1508.05,
        "HWV": 1603.06,
        "TSU": 1491.6,
        "CHEM": 1679.49,
        "NUC": 1484.26,
        "BIO": 1574.81
    },
    {
        "fips": "Chhattisgarh",
        "year": 2011,
        "LS": 1064.4,
        "EQ": 1519.66,
        "CYC": 1325.7,
        "FL": 1327.06,
        "UFL": 1440.03,
        "HWV": 1598.7,
        "TSU": 1431.15,
        "CHEM": 1526.25,
        "NUC": 1420.19,
        "BIO": 1680.79
    },
    {
        "fips": "Chhattisgarh",
        "year": 2012,
        "LS": 1064.4,
        "EQ": 1564.35,
        "CYC": 1329.92,
        "FL": 1327.57,
        "UFL": 1709.08,
        "HWV": 1607.7,
        "TSU": 1419.13,
        "CHEM": 1593.08,
        "NUC": 1628.56,
        "BIO": 1652.38
    },
    {
        "fips": "Dadra and Nagar Haveli",
        "year": 2010,
        "LS": 17.9,
        "EQ": 44.07,
        "CYC": 4.95,
        "FL": 7.59,
        "UFL": 16.58,
        "HWV": 35.41,
        "TSU": 47.19,
        "CHEM": 25.89,
        "NUC": 1.92,
        "BIO": 31.12
    },
    {
        "fips": "Dadra and Nagar Haveli",
        "year": 2011,
        "LS": 17.9,
        "EQ": 40.84,
        "CYC": 33.51,
        "FL": 4.39,
        "UFL": 43.81,
        "HWV": 7.44,
        "TSU": 29.27,
        "CHEM": 27.21,
        "NUC": 26.23,
        "BIO": 18.58
    },
    {
        "fips": "Dadra and Nagar Haveli",
        "year": 2012,
        "LS": 17.9,
        "EQ": 0.82,
        "CYC": 6.13,
        "FL": 49.82,
        "UFL": 17.56,
        "HWV": 35.5,
        "TSU": 28.14,
        "CHEM": 25.8,
        "NUC": 13.37,
        "BIO": 18.91
    },
    {
        "fips": "Daman and Diu",
        "year": 2010,
        "LS": 35.2,
        "EQ": 65.41,
        "CYC": 48.87,
        "FL": 28.4,
        "UFL": 57.45,
        "HWV": 74.22,
        "TSU": 93.94,
        "CHEM": 110.34,
        "NUC": 103.31,
        "BIO": 10.49
    },
    {
        "fips": "Daman and Diu",
        "year": 2011,
        "LS": 35.2,
        "EQ": 59.92,
        "CYC": 141.46,
        "FL": 136.63,
        "UFL": 82.36,
        "HWV": 123.41,
        "TSU": 92.95,
        "CHEM": 42.3,
        "NUC": 66.32,
        "BIO": 34.98
    },
    {
        "fips": "Daman and Diu",
        "year": 2012,
        "LS": 35.2,
        "EQ": 49.03,
        "CYC": 45.23,
        "FL": 71.16,
        "UFL": 60.98,
        "HWV": 98.89,
        "TSU": 62.73,
        "CHEM": 112.18,
        "NUC": 65.36,
        "BIO": 74.49
    },
    {
        "fips": "Delhi",
        "year": 2010,
        "LS": 14.7,
        "EQ": 39.7,
        "CYC": 18.86,
        "FL": 39.48,
        "UFL": 32.24,
        "HWV": 23.4,
        "TSU": 37.65,
        "CHEM": 29.4,
        "NUC": 39.5,
        "BIO": 1.68
    },
    {
        "fips": "Delhi",
        "year": 2011,
        "LS": 14.7,
        "EQ": 30.57,
        "CYC": 12.6,
        "FL": 36.31,
        "UFL": 43.55,
        "HWV": 48.49,
        "TSU": 12.46,
        "CHEM": 2.56,
        "NUC": 19.3,
        "BIO": 5.49
    },
    {
        "fips": "Delhi",
        "year": 2012,
        "LS": 14.7,
        "EQ": 26.45,
        "CYC": 36.02,
        "FL": 43.02,
        "UFL": 41.94,
        "HWV": 24.32,
        "TSU": 28.85,
        "CHEM": 49.6,
        "NUC": 17.8,
        "BIO": 15.02
    },
    {
        "fips": "Goa",
        "year": 2010,
        "LS": 307.2,
        "EQ": 320.98,
        "CYC": 333.75,
        "FL": 243.53,
        "UFL": 235.08,
        "HWV": 255.66,
        "TSU": 327.15,
        "CHEM": 410.55,
        "NUC": 258.85,
        "BIO": 280.87
    },
    {
        "fips": "Goa",
        "year": 2011,
        "LS": 307.2,
        "EQ": 340.98,
        "CYC": 306.72,
        "FL": 299.86,
        "UFL": 308.13,
        "HWV": 294.07,
        "TSU": 364.21,
        "CHEM": 264.06,
        "NUC": 292.41,
        "BIO": 335.91
    },
    {
        "fips": "Goa",
        "year": 2012,
        "LS": 307.2,
        "EQ": 320.74,
        "CYC": 250.35,
        "FL": 290.63,
        "UFL": 307.14,
        "HWV": 288.85,
        "TSU": 311.44,
        "CHEM": 265.91,
        "NUC": 284.86,
        "BIO": 314.85
    },
    {
        "fips": "Gujarat",
        "year": 2010,
        "LS": 3817.5,
        "EQ": 5051.8,
        "CYC": 5028.58,
        "FL": 5189,
        "UFL": 5431.22,
        "HWV": 5161,
        "TSU": 5459.36,
        "CHEM": 5194.71,
        "NUC": 5388.89,
        "BIO": 5202.21
    },
    {
        "fips": "Gujarat",
        "year": 2011,
        "LS": 3817.5,
        "EQ": 5344.39,
        "CYC": 5480.22,
        "FL": 5433.65,
        "UFL": 5145.35,
        "HWV": 5245.73,
        "TSU": 4986.71,
        "CHEM": 5715.3,
        "NUC": 5152.06,
        "BIO": 5304.71
    },
    {
        "fips": "Gujarat",
        "year": 2012,
        "LS": 3817.5,
        "EQ": 5480.34,
        "CYC": 5110.76,
        "FL": 5454.92,
        "UFL": 5455.63,
        "HWV": 5129.27,
        "TSU": 5644.67,
        "CHEM": 5177.98,
        "NUC": 5521.07,
        "BIO": 5350.65
    },
    {
        "fips": "Haryana",
        "year": 2010,
        "LS": 892.8,
        "EQ": 1085.26,
        "CYC": 1104.62,
        "FL": 1094.08,
        "UFL": 1269.88,
        "HWV": 1143.9,
        "TSU": 1253.2,
        "CHEM": 1209.54,
        "NUC": 1139.37,
        "BIO": 914.6
    },
    {
        "fips": "Haryana",
        "year": 2011,
        "LS": 892.8,
        "EQ": 1161.74,
        "CYC": 1000.15,
        "FL": 1114.82,
        "UFL": 1131.28,
        "HWV": 1182.08,
        "TSU": 1011.87,
        "CHEM": 1080.48,
        "NUC": 1130.61,
        "BIO": 1040.67
    },
    {
        "fips": "Haryana",
        "year": 2012,
        "LS": 892.8,
        "EQ": 1221.27,
        "CYC": 1093.71,
        "FL": 1016.02,
        "UFL": 1184.47,
        "HWV": 1165.01,
        "TSU": 977.02,
        "CHEM": 1117.86,
        "NUC": 1187.88,
        "BIO": 1155.38
    },
    {
        "fips": "Himachal Pradesh",
        "year": 2010,
        "LS": 1246.4,
        "EQ": 1794.88,
        "CYC": 1569.38,
        "FL": 1457.03,
        "UFL": 1652.21,
        "HWV": 1689.84,
        "TSU": 1473.79,
        "CHEM": 1685.09,
        "NUC": 1735.39,
        "BIO": 1586.44
    },
    {
        "fips": "Himachal Pradesh",
        "year": 2011,
        "LS": 1246.4,
        "EQ": 1764.33,
        "CYC": 1808.78,
        "FL": 1620.53,
        "UFL": 1501.07,
        "HWV": 1558.01,
        "TSU": 1601.22,
        "CHEM": 1717.96,
        "NUC": 1655.47,
        "BIO": 1612.25
    },
    {
        "fips": "Himachal Pradesh",
        "year": 2012,
        "LS": 1246.4,
        "EQ": 1686.82,
        "CYC": 1452.13,
        "FL": 1688.04,
        "UFL": 1738.99,
        "HWV": 1555.2,
        "TSU": 1463.29,
        "CHEM": 1797.6,
        "NUC": 1663.55,
        "BIO": 1582.69
    },
    {
        "fips": "Jammu and Kashmir",
        "year": 2010,
        "LS": 256.4,
        "EQ": 309.7,
        "CYC": 229.31,
        "FL": 408.87,
        "UFL": 442.63,
        "HWV": 374.72,
        "TSU": 345.61,
        "CHEM": 357.89,
        "NUC": 340.48,
        "BIO": 419.1
    },
    {
        "fips": "Jammu and Kashmir",
        "year": 2011,
        "LS": 256.4,
        "EQ": 471.02,
        "CYC": 406.09,
        "FL": 389.86,
        "UFL": 255.25,
        "HWV": 358.22,
        "TSU": 373.97,
        "CHEM": 383.74,
        "NUC": 426.96,
        "BIO": 319.34
    },
    {
        "fips": "Jammu and Kashmir",
        "year": 2012,
        "LS": 256.4,
        "EQ": 302.72,
        "CYC": 396.24,
        "FL": 340.94,
        "UFL": 294.73,
        "HWV": 327.98,
        "TSU": 276.98,
        "CHEM": 418.72,
        "NUC": 304.25,
        "BIO": 437.76
    },
    {
        "fips": "Jharkhand",
        "year": 2010,
        "LS": 436.3,
        "EQ": 704.31,
        "CYC": 634.02,
        "FL": 642.3,
        "UFL": 772.54,
        "HWV": 679.14,
        "TSU": 557.13,
        "CHEM": 760.86,
        "NUC": 535.79,
        "BIO": 790.79
    },
    {
        "fips": "Jharkhand",
        "year": 2011,
        "LS": 436.3,
        "EQ": 748.48,
        "CYC": 803.59,
        "FL": 658.29,
        "UFL": 585.9,
        "HWV": 622.2,
        "TSU": 584.01,
        "CHEM": 618.96,
        "NUC": 574.66,
        "BIO": 695.63
    },
    {
        "fips": "Jharkhand",
        "year": 2012,
        "LS": 436.3,
        "EQ": 705.87,
        "CYC": 641.64,
        "FL": 642.61,
        "UFL": 573.54,
        "HWV": 631.47,
        "TSU": 677.09,
        "CHEM": 648,
        "NUC": 710.64,
        "BIO": 604.58
    },
    {
        "fips": "Karnataka",
        "year": 2010,
        "LS": 3596.3,
        "EQ": 4507.86,
        "CYC": 4518.2,
        "FL": 4263.25,
        "UFL": 4400.43,
        "HWV": 4365.08,
        "TSU": 4334.21,
        "CHEM": 4189.32,
        "NUC": 4561.4,
        "BIO": 4619.62
    },
    {
        "fips": "Karnataka",
        "year": 2011,
        "LS": 3596.3,
        "EQ": 4735.97,
        "CYC": 4449.42,
        "FL": 4337.85,
        "UFL": 5015.16,
        "HWV": 4042.28,
        "TSU": 4366.8,
        "CHEM": 4210.87,
        "NUC": 4847.38,
        "BIO": 4427.25
    },
    {
        "fips": "Karnataka",
        "year": 2012,
        "LS": 3596.3,
        "EQ": 4424.41,
        "CYC": 4404.08,
        "FL": 4345.69,
        "UFL": 4305.73,
        "HWV": 4500.08,
        "TSU": 4720.86,
        "CHEM": 3917.55,
        "NUC": 4703.98,
        "BIO": 4387.03
    },
    {
        "fips": "Kerala",
        "year": 2010,
        "LS": 1349.2,
        "EQ": 1722.1,
        "CYC": 1703.75,
        "FL": 1705.94,
        "UFL": 1505.49,
        "HWV": 1744.67,
        "TSU": 1771.75,
        "CHEM": 1470.66,
        "NUC": 1470.07,
        "BIO": 1626.52
    },
    {
        "fips": "Kerala",
        "year": 2011,
        "LS": 1349.2,
        "EQ": 1492.16,
        "CYC": 1210.85,
        "FL": 1431.05,
        "UFL": 1556.11,
        "HWV": 1486.32,
        "TSU": 1439.07,
        "CHEM": 1593.01,
        "NUC": 1540.91,
        "BIO": 1419.8
    },
    {
        "fips": "Kerala",
        "year": 2012,
        "LS": 1349.2,
        "EQ": 1423.88,
        "CYC": 1461.4,
        "FL": 1607.96,
        "UFL": 1395.56,
        "HWV": 1470.55,
        "TSU": 1551.77,
        "CHEM": 1824.12,
        "NUC": 1645.17,
        "BIO": 1664.33
    },
    {
        "fips": "Lakshadweep",
        "year": 2010,
        "LS": 86.5,
        "EQ": 165.59,
        "CYC": 92.39,
        "FL": 181.96,
        "UFL": 157.28,
        "HWV": 138.98,
        "TSU": 104.83,
        "CHEM": 127.68,
        "NUC": 121.83,
        "BIO": 143.68
    },
    {
        "fips": "Lakshadweep",
        "year": 2011,
        "LS": 86.5,
        "EQ": 115.13,
        "CYC": 151.08,
        "FL": 127.76,
        "UFL": 123.86,
        "HWV": 131.07,
        "TSU": 79.78,
        "CHEM": 132.3,
        "NUC": 145.83,
        "BIO": 112.81
    },
    {
        "fips": "Lakshadweep",
        "year": 2012,
        "LS": 86.5,
        "EQ": 116.46,
        "CYC": 94.16,
        "FL": 129.72,
        "UFL": 97.36,
        "HWV": 66.7,
        "TSU": 100.19,
        "CHEM": 98.11,
        "NUC": 176.21,
        "BIO": 127.68
    },
    {
        "fips": "Madhya Pradesh",
        "year": 2010,
        "LS": 2538.2,
        "EQ": 4256,
        "CYC": 4299.83,
        "FL": 4340.45,
        "UFL": 4456.49,
        "HWV": 4272.95,
        "TSU": 4024.1,
        "CHEM": 4132.77,
        "NUC": 4465.28,
        "BIO": 4201.38
    },
    {
        "fips": "Madhya Pradesh",
        "year": 2011,
        "LS": 2538.2,
        "EQ": 3746.23,
        "CYC": 4057.33,
        "FL": 4210.48,
        "UFL": 4290.66,
        "HWV": 4220.6,
        "TSU": 4169.65,
        "CHEM": 3750.23,
        "NUC": 4205.83,
        "BIO": 4640.52
    },
    {
        "fips": "Madhya Pradesh",
        "year": 2012,
        "LS": 2538.2,
        "EQ": 4254.46,
        "CYC": 4501.29,
        "FL": 4054.15,
        "UFL": 3866.95,
        "HWV": 4408.7,
        "TSU": 3991.69,
        "CHEM": 4544.61,
        "NUC": 3761.03,
        "BIO": 4226.67
    },
    {
        "fips": "Maharashtra",
        "year": 2010,
        "LS": 6590.4,
        "EQ": 7579.94,
        "CYC": 7567,
        "FL": 7511.22,
        "UFL": 7986.18,
        "HWV": 7701.62,
        "TSU": 7862.97,
        "CHEM": 7577.66,
        "NUC": 7528.43,
        "BIO": 7729.87
    },
    {
        "fips": "Maharashtra",
        "year": 2011,
        "LS": 6590.4,
        "EQ": 7498.44,
        "CYC": 7810.21,
        "FL": 7859.47,
        "UFL": 7544.76,
        "HWV": 7496.53,
        "TSU": 7809.89999999999,
        "CHEM": 8115.13,
        "NUC": 7369.79,
        "BIO": 7657.85
    },
    {
        "fips": "Maharashtra",
        "year": 2012,
        "LS": 6590.4,
        "EQ": 7412.6,
        "CYC": 7668.48,
        "FL": 7596.68,
        "UFL": 7370.57,
        "HWV": 7416.37,
        "TSU": 7482.58,
        "CHEM": 7984.1,
        "NUC": 7924.86,
        "BIO": 7765.11
    },
    {
        "fips": "Manipur",
        "year": 2010,
        "LS": 459.2,
        "EQ": 822.05,
        "CYC": 655.97,
        "FL": 686.41,
        "UFL": 869.93,
        "HWV": 684.12,
        "TSU": 634.23,
        "CHEM": 623.26,
        "NUC": 655.96,
        "BIO": 724.12
    },
    {
        "fips": "Manipur",
        "year": 2011,
        "LS": 459.2,
        "EQ": 790.92,
        "CYC": 573.8,
        "FL": 870.35,
        "UFL": 724.76,
        "HWV": 597.36,
        "TSU": 607.87,
        "CHEM": 836.67,
        "NUC": 687.86,
        "BIO": 780.31
    },
    {
        "fips": "Manipur",
        "year": 2012,
        "LS": 459.2,
        "EQ": 684.12,
        "CYC": 638.52,
        "FL": 688.49,
        "UFL": 576.9,
        "HWV": 564.87,
        "TSU": 785.53,
        "CHEM": 694.69,
        "NUC": 720.82,
        "BIO": 624.62
    },
    {
        "fips": "Meghalaya",
        "year": 2010,
        "LS": 137.4,
        "EQ": 120.36,
        "CYC": 151.09,
        "FL": 113.91,
        "UFL": 155.31,
        "HWV": 159.38,
        "TSU": 172.67,
        "CHEM": 179.1,
        "NUC": 161.53,
        "BIO": 230.94
    },
    {
        "fips": "Meghalaya",
        "year": 2011,
        "LS": 137.4,
        "EQ": 226.9,
        "CYC": 192.07,
        "FL": 157.08,
        "UFL": 202.92,
        "HWV": 139.38,
        "TSU": 222.71,
        "CHEM": 211.46,
        "NUC": 240.19,
        "BIO": 224.24
    },
    {
        "fips": "Meghalaya",
        "year": 2012,
        "LS": 137.4,
        "EQ": 268.36,
        "CYC": 155.7,
        "FL": 183.73,
        "UFL": 156.44,
        "HWV": 202.49,
        "TSU": 184.17,
        "CHEM": 111.55,
        "NUC": 273.13,
        "BIO": 186.39
    },
    {
        "fips": "Mizoram",
        "year": 2010,
        "LS": 202.3,
        "EQ": 218.35,
        "CYC": 234.42,
        "FL": 306.1,
        "UFL": 222.12,
        "HWV": 259.48,
        "TSU": 247.99,
        "CHEM": 206.59,
        "NUC": 288.66,
        "BIO": 222.92
    },
    {
        "fips": "Mizoram",
        "year": 2011,
        "LS": 202.3,
        "EQ": 214.58,
        "CYC": 257.86,
        "FL": 334.43,
        "UFL": 273.76,
        "HWV": 224.13,
        "TSU": 155.24,
        "CHEM": 277.65,
        "NUC": 252.85,
        "BIO": 221.55
    },
    {
        "fips": "Mizoram",
        "year": 2012,
        "LS": 202.3,
        "EQ": 292.4,
        "CYC": 274.38,
        "FL": 246.77,
        "UFL": 236.02,
        "HWV": 272.7,
        "TSU": 181.03,
        "CHEM": 169.99,
        "NUC": 273.44,
        "BIO": 276.83
    },
    {
        "fips": "Nagaland",
        "year": 2010,
        "LS": 101.6,
        "EQ": 174.36,
        "CYC": 295.66,
        "FL": 215.78,
        "UFL": 229.27,
        "HWV": 170.83,
        "TSU": 244.96,
        "CHEM": 191.68,
        "NUC": 233.93,
        "BIO": 194.29
    },
    {
        "fips": "Nagaland",
        "year": 2011,
        "LS": 101.6,
        "EQ": 278.56,
        "CYC": 228.37,
        "FL": 203.42,
        "UFL": 192.4,
        "HWV": 189.86,
        "TSU": 134.29,
        "CHEM": 167.28,
        "NUC": 211.51,
        "BIO": 152.24
    },
    {
        "fips": "Nagaland",
        "year": 2012,
        "LS": 101.6,
        "EQ": 218.22,
        "CYC": 155.14,
        "FL": 272.8,
        "UFL": 256.25,
        "HWV": 205.17,
        "TSU": 130.81,
        "CHEM": 149.93,
        "NUC": 217.28,
        "BIO": 214.17
    },
    {
        "fips": "Orissa",
        "year": 2010,
        "LS": 958.6,
        "EQ": 1544.01,
        "CYC": 1422.17,
        "FL": 1651.35,
        "UFL": 1405.45,
        "HWV": 1381.03,
        "TSU": 1606.47,
        "CHEM": 1344.83,
        "NUC": 1283.76,
        "BIO": 1421.66
    },
    {
        "fips": "Orissa",
        "year": 2011,
        "LS": 958.6,
        "EQ": 1551.86,
        "CYC": 1273.51,
        "FL": 1449.33,
        "UFL": 1552.88,
        "HWV": 1358.17,
        "TSU": 1417.95,
        "CHEM": 1442.12,
        "NUC": 1465.75,
        "BIO": 1501.92
    },
    {
        "fips": "Orissa",
        "year": 2012,
        "LS": 958.6,
        "EQ": 1383.23,
        "CYC": 1415.06,
        "FL": 1469.98,
        "UFL": 1463.82,
        "HWV": 1590.01,
        "TSU": 1340.01,
        "CHEM": 1356.96,
        "NUC": 1333.19,
        "BIO": 1659.55
    },
    {
        "fips": "Puducherry",
        "year": 2010,
        "LS": 86.5,
        "EQ": 99.71,
        "CYC": 67.62,
        "FL": 103.56,
        "UFL": 112.88,
        "HWV": 146.12,
        "TSU": 126.67,
        "CHEM": 111.68,
        "NUC": 131.02,
        "BIO": 165.3
    },
    {
        "fips": "Puducherry",
        "year": 2011,
        "LS": 86.5,
        "EQ": 79.14,
        "CYC": 95.54,
        "FL": 97.59,
        "UFL": 67.44,
        "HWV": 96.91,
        "TSU": 58.17,
        "CHEM": 80.8,
        "NUC": 99.11,
        "BIO": 20.12
    },
    {
        "fips": "Puducherry",
        "year": 2012,
        "LS": 86.5,
        "EQ": 47.58,
        "CYC": 111.38,
        "FL": 133.47,
        "UFL": 84.51,
        "HWV": 129.72,
        "TSU": 96.45,
        "CHEM": 90.24,
        "NUC": 154.88,
        "BIO": 156.73
    },
    {
        "fips": "Punjab",
        "year": 2010,
        "LS": 930,
        "EQ": 1278.94,
        "CYC": 1080.84,
        "FL": 1170.29,
        "UFL": 1311.09,
        "HWV": 1160.69,
        "TSU": 1113.48,
        "CHEM": 1136,
        "NUC": 1115.54,
        "BIO": 1071.18
    },
    {
        "fips": "Punjab",
        "year": 2011,
        "LS": 930,
        "EQ": 1188.98,
        "CYC": 1104.31,
        "FL": 1062.74,
        "UFL": 1311.12,
        "HWV": 1247.31,
        "TSU": 1270.79,
        "CHEM": 1003.81,
        "NUC": 1221.29,
        "BIO": 1153.89
    },
    {
        "fips": "Punjab",
        "year": 2012,
        "LS": 930,
        "EQ": 1099.6,
        "CYC": 1053.78,
        "FL": 1229.54,
        "UFL": 1240.48,
        "HWV": 1189.67,
        "TSU": 1329.8,
        "CHEM": 1109.82,
        "NUC": 899.81,
        "BIO": 1176.61
    },
    {
        "fips": "Rajasthan",
        "year": 2010,
        "LS": 4665.7,
        "EQ": 5254.18,
        "CYC": 4991.55,
        "FL": 4846.11,
        "UFL": 4754.86,
        "HWV": 5173.23,
        "TSU": 5002.36,
        "CHEM": 5277.08,
        "NUC": 5080.2,
        "BIO": 5227.73
    },
    {
        "fips": "Rajasthan",
        "year": 2011,
        "LS": 4665.7,
        "EQ": 5051.27,
        "CYC": 5426.71,
        "FL": 5157.68,
        "UFL": 5687.58,
        "HWV": 5737.18,
        "TSU": 5795.77,
        "CHEM": 4803.59,
        "NUC": 5563.83,
        "BIO": 5556.22
    },
    {
        "fips": "Rajasthan",
        "year": 2012,
        "LS": 4665.7,
        "EQ": 5079.67,
        "CYC": 5389.83,
        "FL": 5176.51,
        "UFL": 5686.83,
        "HWV": 5162.33,
        "TSU": 5442.59,
        "CHEM": 5281.88,
        "NUC": 5328.81,
        "BIO": 5667.95
    },
    {
        "fips": "Sikkim",
        "year": 2010,
        "LS": 90.8,
        "EQ": 66.32,
        "CYC": 121.77,
        "FL": 98.13,
        "UFL": 85.36,
        "HWV": 61.61,
        "TSU": 130.77,
        "CHEM": 85.23,
        "NUC": 79.11,
        "BIO": 80.14
    },
    {
        "fips": "Sikkim",
        "year": 2011,
        "LS": 90.8,
        "EQ": 79.98,
        "CYC": 105.73,
        "FL": 112.6,
        "UFL": 64.96,
        "HWV": 109.7,
        "TSU": 72.84,
        "CHEM": 79.35,
        "NUC": 135.3,
        "BIO": 91.8
    },
    {
        "fips": "Sikkim",
        "year": 2012,
        "LS": 90.8,
        "EQ": 71.36,
        "CYC": 95.01,
        "FL": 86.94,
        "UFL": 133.13,
        "HWV": 107.58,
        "TSU": 49.98,
        "CHEM": 137.46,
        "NUC": 25.39,
        "BIO": 82.44
    },
    {
        "fips": "Tamil Nadu",
        "year": 2010,
        "LS": 3447,
        "EQ": 3872.99,
        "CYC": 4058.82,
        "FL": 3757.68,
        "UFL": 3755.84,
        "HWV": 3846.76,
        "TSU": 3867.43,
        "CHEM": 3591.44,
        "NUC": 3958.44,
        "BIO": 3861.8
    },
    {
        "fips": "Tamil Nadu",
        "year": 2011,
        "LS": 3447,
        "EQ": 3911.4,
        "CYC": 4094.33,
        "FL": 3947.03,
        "UFL": 4032.44,
        "HWV": 3850.34,
        "TSU": 3860.93,
        "CHEM": 3714.4,
        "NUC": 3729.67,
        "BIO": 3762.15
    },
    {
        "fips": "Tamil Nadu",
        "year": 2012,
        "LS": 3447,
        "EQ": 3940.97,
        "CYC": 4090.03,
        "FL": 3962.97,
        "UFL": 4116.45,
        "HWV": 3781.46,
        "TSU": 3944.04,
        "CHEM": 4083.07,
        "NUC": 3849.71,
        "BIO": 3903.34
    },
    {
        "fips": "Tripura",
        "year": 2010,
        "LS": 250.6,
        "EQ": 291.33,
        "CYC": 224.19,
        "FL": 265.34,
        "UFL": 280.7,
        "HWV": 232.83,
        "TSU": 300.66,
        "CHEM": 319.61,
        "NUC": 184.54,
        "BIO": 264.26
    },
    {
        "fips": "Tripura",
        "year": 2011,
        "LS": 250.6,
        "EQ": 308.16,
        "CYC": 290.09,
        "FL": 254,
        "UFL": 238.65,
        "HWV": 302.08,
        "TSU": 256.66,
        "CHEM": 261,
        "NUC": 216.42,
        "BIO": 319.34
    },
    {
        "fips": "Tripura",
        "year": 2012,
        "LS": 250.6,
        "EQ": 217.83,
        "CYC": 298,
        "FL": 248.74,
        "UFL": 327.79,
        "HWV": 314.49,
        "TSU": 336.34,
        "CHEM": 242.98,
        "NUC": 226.35,
        "BIO": 238.1
    },
    {
        "fips": "Uttar Pradesh",
        "year": 2010,
        "LS": 3960.3,
        "EQ": 5198.56,
        "CYC": 5046.64000000001,
        "FL": 4811.6,
        "UFL": 5113.54,
        "HWV": 5117.15,
        "TSU": 5451.7,
        "CHEM": 4951.93,
        "NUC": 5510.61,
        "BIO": 4912.38
    },
    {
        "fips": "Uttar Pradesh",
        "year": 2011,
        "LS": 3960.3,
        "EQ": 5208.29,
        "CYC": 5052.31,
        "FL": 5006.76,
        "UFL": 5528.83,
        "HWV": 5447.29,
        "TSU": 5273.81,
        "CHEM": 5267.04,
        "NUC": 5230.13,
        "BIO": 5238.3
    },
    {
        "fips": "Uttar Pradesh",
        "year": 2012,
        "LS": 3960.3,
        "EQ": 5318.48,
        "CYC": 5142.58,
        "FL": 5118.08,
        "UFL": 5004.76,
        "HWV": 5495.39,
        "TSU": 5013.97,
        "CHEM": 5327.4,
        "NUC": 5196.93,
        "BIO": 5228.33
    },
    {
        "fips": "Uttaranchal",
        "year": 2010,
        "LS": 709.3,
        "EQ": 824.47,
        "CYC": 1015.22,
        "FL": 884.65,
        "UFL": 801.31,
        "HWV": 686.99,
        "TSU": 712.04,
        "CHEM": 807.44,
        "NUC": 887.53,
        "BIO": 568.14
    },
    {
        "fips": "Uttaranchal",
        "year": 2011,
        "LS": 709.3,
        "EQ": 698.92,
        "CYC": 764.75,
        "FL": 769.99,
        "UFL": 833.98,
        "HWV": 850.12,
        "TSU": 934.45,
        "CHEM": 886.12,
        "NUC": 761.15,
        "BIO": 756.93
    },
    {
        "fips": "Uttaranchal",
        "year": 2012,
        "LS": 709.3,
        "EQ": 878.94,
        "CYC": 705.71,
        "FL": 745.32,
        "UFL": 832.2,
        "HWV": 864.64,
        "TSU": 871.06,
        "CHEM": 769.82,
        "NUC": 792.81,
        "BIO": 788.61
    },
    {
        "fips": "West Bengal",
        "year": 2010,
        "LS": 1127.2,
        "EQ": 1236.15,
        "CYC": 1196.08,
        "FL": 1279.68,
        "UFL": 1271.72,
        "HWV": 1518.6,
        "TSU": 1380.81,
        "CHEM": 1347.57,
        "NUC": 1341.06,
        "BIO": 1386.76
    },
    {
        "fips": "West Bengal",
        "year": 2011,
        "LS": 1127.2,
        "EQ": 1318.26,
        "CYC": 1117.44,
        "FL": 1328.4,
        "UFL": 1369.7,
        "HWV": 1382.82,
        "TSU": 1246.02,
        "CHEM": 1310.43,
        "NUC": 1316.56,
        "BIO": 1420.52
    },
    {
        "fips": "West Bengal",
        "year": 2012,
        "LS": 1127.2,
        "EQ": 1328.26,
        "CYC": 1224.43,
        "FL": 1354.88,
        "UFL": 1305.43,
        "HWV": 1457.54,
        "TSU": 1265,
        "CHEM": 1434.73,
        "NUC": 1339.8,
        "BIO": 1366.24
    }
]